experiment_run_id,scenario,arm,repetition,run_order,target_rps,achieved_rps,termination_state,onset_at_utc,recovered_at_utc,window_end_at_utc,tempo_ate_recuperacao_segundos,evento_observado
11111111-0000-0000-0000-000000000001,F1,A,1,1,10,9.8,CensoredAtWindowEnd,2026-01-01T00:00:00Z,,2026-01-01T00:10:00Z,600,0
11111111-0000-0000-0000-000000000002,F1,B,1,2,10,9.9,Recovered,2026-01-01T00:00:00Z,2026-01-01T00:02:00Z,2026-01-01T00:10:00Z,120,1
11111111-0000-0000-0000-000000000003,F1,C,1,3,10,10.1,Recovered,2026-01-01T00:00:00Z,2026-01-01T00:03:00Z,2026-01-01T00:10:00Z,180,1
11111111-0000-0000-0000-000000000004,F1,A,2,4,10,9.7,CensoredAtWindowEnd,2026-01-01T01:00:00Z,,2026-01-01T01:10:00Z,600,0
11111111-0000-0000-0000-000000000005,F1,B,2,5,10,10.0,Recovered,2026-01-01T01:00:00Z,2026-01-01T01:02:30Z,2026-01-01T01:10:00Z,150,1
11111111-0000-0000-0000-000000000006,F1,C,2,6,10,9.9,Recovered,2026-01-01T01:00:00Z,2026-01-01T01:03:30Z,2026-01-01T01:10:00Z,210,1
22222222-0000-0000-0000-000000000001,F2,A,1,7,15,14.5,CensoredAtWindowEnd,2026-01-01T02:00:00Z,,2026-01-01T02:10:00Z,600,0
22222222-0000-0000-0000-000000000002,F2,B,1,8,15,15.2,Recovered,2026-01-01T02:00:00Z,2026-01-01T02:01:30Z,2026-01-01T02:10:00Z,90,1
22222222-0000-0000-0000-000000000003,F2,C,1,9,15,14.9,Recovered,2026-01-01T02:00:00Z,2026-01-01T02:01:45Z,2026-01-01T02:10:00Z,105,1
22222222-0000-0000-0000-000000000004,F2,A,2,10,15,14.6,CensoredAtWindowEnd,2026-01-01T03:00:00Z,,2026-01-01T03:10:00Z,600,0
22222222-0000-0000-0000-000000000005,F2,B,2,11,15,15.0,Recovered,2026-01-01T03:00:00Z,2026-01-01T03:01:40Z,2026-01-01T03:10:00Z,100,1
22222222-0000-0000-0000-000000000006,F2,C,2,12,15,15.1,CensoredAtWindowEnd,2026-01-01T03:00:00Z,,2026-01-01T03:10:00Z,600,0
