run_order,scenario,arm,onset_at_utc,first_signal_at_utc
54,F1,A,2026-09-20 14:50:39+00,2026-09-20 14:50:39.661539+00
41,F2,A,2026-09-20 09:02:29+00,2026-09-20 09:06:19.668793+00
20,F2,B,2026-09-19 23:54:54+00,2026-09-19 23:54:59.667919+00
57,F3,A,2026-09-20 16:07:18+00,2026-09-20 16:07:19.668901+00
51,F5,C,2026-09-20 13:28:34.295863+00,2026-09-20 13:28:34.665751+00
27,F1,A,2026-09-20 03:05:37+00,2026-09-20 03:05:59.662676+00
24,F1,B,2026-09-20 01:46:40+00,2026-09-20 01:47:49.67209+00
45,F1,A,2026-09-20 10:54:36+00,2026-09-20 10:55:04.667111+00
30,F2,B,2026-09-20 04:17:29+00,2026-09-20 04:20:09.6727+00
18,F5,C,2026-09-19 21:27:28.55606+00,2026-09-19 21:27:39.062661+00
28,F2,C,2026-09-20 03:31:19+00,2026-09-20 03:31:19.672833+00
14,F5,A,2026-09-19 18:45:21.88843+00,2026-09-19 18:45:33.977101+00
23,F1,C,2026-09-20 01:20:51+00,2026-09-20 01:20:54.667545+00
31,F3,A,2026-09-20 04:46:22+00,2026-09-20 04:46:34.673471+00
8,F3,A,2026-09-19 16:06:55+00,2026-09-19 16:06:59.098119+00
46,F2,B,2026-09-20 11:13:12+00,2026-09-20 11:13:14.660065+00
16,F5,B,2026-09-19 20:34:34.789479+00,2026-09-19 20:34:54.156003+00
39,F3,A,2026-09-20 08:15:36+00,2026-09-20 08:15:39.671235+00
29,F2,A,2026-09-20 03:55:06+00,2026-09-20 03:55:09.672798+00
32,F3,B,2026-09-20 05:13:23+00,2026-09-20 05:13:24.668905+00
17,F5,A,2026-09-19 21:00:41.318765+00,2026-09-19 21:00:54.112581+00
60,F5,C,2026-09-20 17:25:53.827924+00,2026-09-20 17:25:54.670166+00
38,F3,B,2026-09-20 07:49:43+00,2026-09-20 07:49:44.661535+00
42,F2,C,2026-09-20 09:32:12+00,2026-09-20 09:33:04.664322+00
25,F1,C,2026-09-20 02:12:54+00,2026-09-20 02:13:04.663526+00
12,F1,C,2026-09-19 17:53:38+00,2026-09-19 17:53:39.015758+00
6,F2,B,2026-09-19 15:15:10+00,2026-09-19 15:15:14.142723+00
3,F3,B,2026-09-19 13:55:08+00,2026-09-19 13:55:09.20671+00
7,F3,C,2026-09-19 15:40:49+00,2026-09-19 15:40:49.114624+00
40,F2,B,2026-09-20 08:40:04+00,2026-09-20 08:40:09.674447+00
36,F5,C,2026-09-20 06:56:48.91768+00,2026-09-20 06:56:59.669684+00
59,F5,A,2026-09-20 17:00:09.812969+00,2026-09-20 17:00:14.661394+00
56,F3,C,2026-09-20 15:41:27+00,2026-09-20 15:41:29.660382+00
5,F2,A,2026-09-19 14:49:21+00,2026-09-19 14:49:29.158866+00
4,F2,C,2026-09-19 14:16:55+00,2026-09-19 14:20:34.189651+00
50,F5,B,2026-09-20 13:02:45.444455+00,2026-09-20 13:03:04.672565+00
1,F3,A,2026-09-19 13:03:09+00,2026-09-19 13:03:09.258659+00
19,F2,C,2026-09-19 21:50:07+00,2026-09-19 21:50:14.043286+00
55,F3,B,2026-09-20 15:14:09+00,2026-09-20 15:14:09.661249+00
13,F5,C,2026-09-19 18:19:26.042018+00,2026-09-19 18:19:44.000758+00
26,F1,B,2026-09-20 02:39:36+00,2026-09-20 02:39:39.6609+00
11,F1,B,2026-09-19 17:27:32+00,2026-09-19 17:27:34.035157+00
44,F1,B,2026-09-20 10:28:44+00,2026-09-20 10:29:34.662859+00
22,F1,A,2026-09-20 00:54:18+00,2026-09-20 00:54:29.671442+00
35,F5,B,2026-09-20 06:31:01.927536+00,2026-09-20 06:31:09.658962+00
47,F2,A,2026-09-20 11:44:36+00,2026-09-20 11:44:44.668369+00
43,F1,C,2026-09-20 10:04:55+00,2026-09-20 10:04:59.659273+00
37,F3,C,2026-09-20 07:23:07+00,2026-09-20 07:23:09.662192+00
49,F5,A,2026-09-20 12:36:01.099529+00,2026-09-20 12:36:14.665689+00
58,F5,B,2026-09-20 16:32:39.720586+00,2026-09-20 16:32:54.672228+00
10,F1,A,2026-09-19 17:01:07+00,2026-09-19 17:01:09.059991+00
21,F2,A,2026-09-20 00:26:19+00,2026-09-20 00:26:24.660342+00
15,F5,B,2026-09-19 20:08:29.380895+00,2026-09-19 20:08:44.227144+00
34,F5,A,2026-09-20 06:04:23.323246+00,2026-09-20 06:04:44.660658+00
53,F1,B,2026-09-20 14:24:57+00,2026-09-20 14:25:04.660853+00
48,F2,C,2026-09-20 12:07:27+00,2026-09-20 12:07:34.661942+00
52,F1,C,2026-09-20 14:00:17+00,2026-09-20 14:00:19.671564+00
