context_id,experiment_run_id,scenario,llm_action,rule_action,reference_action,llm_matches_reference,rule_matches_reference
846745f9-e6f6-422c-8d39-7662a78d238f,8a420c1e-c4d8-47d4-af9b-ef2441821e64,F3,ScaleUp,NoOp,ToggleFeatureFlag,0,0
e3e0dbd7-a615-45e9-b814-019ab5a2ee45,8a420c1e-c4d8-47d4-af9b-ef2441821e64,F3,RestartPod,NoOp,ToggleFeatureFlag,0,0
691069ce-56dc-4902-883b-2b02c328d37a,8a420c1e-c4d8-47d4-af9b-ef2441821e64,F3,ToggleFeatureFlag,ToggleFeatureFlag,ToggleFeatureFlag,1,1
209ab335-68d3-4f69-9102-8f5328738a7a,8a420c1e-c4d8-47d4-af9b-ef2441821e64,F3,ScaleUp,ScaleUp,ToggleFeatureFlag,0,0
3f32fb32-d42b-4d10-9c76-7145a1324c06,8a420c1e-c4d8-47d4-af9b-ef2441821e64,F3,RestartPod,RestartPod,ToggleFeatureFlag,0,0
fe6558a8-72c7-4145-ab10-23f04d610e5f,8a420c1e-c4d8-47d4-af9b-ef2441821e64,F3,NoOp,ScaleUp,ToggleFeatureFlag,0,0
bda76878-f014-4b7a-a801-b59b2afee275,8a420c1e-c4d8-47d4-af9b-ef2441821e64,F3,RestartPod,ScaleUp,ToggleFeatureFlag,0,0
7d1e9f9c-acc5-4408-ba28-f8daf0407a28,8a420c1e-c4d8-47d4-af9b-ef2441821e64,F3,RestartPod,RestartPod,ToggleFeatureFlag,0,0
aaed74d6-b23a-4f35-b198-79d2cadc23eb,8a420c1e-c4d8-47d4-af9b-ef2441821e64,F3,RestartPod,ScaleUp,ToggleFeatureFlag,0,0
64ec43d7-cdc8-4840-93b1-0e78b218e58c,8a420c1e-c4d8-47d4-af9b-ef2441821e64,F3,NoOp,NoOp,ToggleFeatureFlag,0,0
22da4ce4-8b39-404b-bd81-87ddb12bc38e,8a420c1e-c4d8-47d4-af9b-ef2441821e64,F3,ScaleUp,ScaleUp,ToggleFeatureFlag,0,0
031d6984-b87c-4b89-b4ac-7370732b5345,8a420c1e-c4d8-47d4-af9b-ef2441821e64,F3,RestartPod,RestartPod,ToggleFeatureFlag,0,0
84653b6b-50b9-4cb1-a53b-5cba864dbe6c,8a420c1e-c4d8-47d4-af9b-ef2441821e64,F3,NoOp,ToggleFeatureFlag,ToggleFeatureFlag,0,1
91fed662-ed75-4a91-bc4c-c40b2dcd0205,8a420c1e-c4d8-47d4-af9b-ef2441821e64,F3,NoOp,RestartPod,ToggleFeatureFlag,0,0
e746e614-1a17-4c86-b07d-05cd562d2454,1dff8f72-e395-4872-8174-2aac1bf6117e,F2,ScaleUp,NoOp,ScaleUp,1,0
d1acb63a-a74a-45a9-98a4-25a43ee2aa91,1dff8f72-e395-4872-8174-2aac1bf6117e,F2,NoOp,ToggleFeatureFlag,ScaleUp,0,0
06e10854-85c7-4235-81e2-8eed3eb8a61f,1dff8f72-e395-4872-8174-2aac1bf6117e,F2,RestartPod,ScaleUp,ScaleUp,0,1
563bc203-25cf-4dea-8e28-c161f809aa8f,1dff8f72-e395-4872-8174-2aac1bf6117e,F2,RestartPod,ToggleFeatureFlag,ScaleUp,0,0
338ab2e2-a216-4bb1-9da1-b67e2700378e,1dff8f72-e395-4872-8174-2aac1bf6117e,F2,NoOp,RestartPod,ScaleUp,0,0
f5c815f7-3e90-45f3-8504-9e90475b18b1,1dff8f72-e395-4872-8174-2aac1bf6117e,F2,NoOp,NoOp,ScaleUp,0,0
118112cc-df7e-4f60-824e-ddbfec2a156b,1dff8f72-e395-4872-8174-2aac1bf6117e,F2,NoOp,ToggleFeatureFlag,ScaleUp,0,0
c013961f-206c-4a57-9c8a-121bb7f75de1,1dff8f72-e395-4872-8174-2aac1bf6117e,F2,ScaleUp,ToggleFeatureFlag,ScaleUp,1,0
5a046815-929b-404c-a157-0336f6d0f4e8,1dff8f72-e395-4872-8174-2aac1bf6117e,F2,RestartPod,ScaleUp,ScaleUp,0,1
e9caccd4-5f94-421b-9838-c16549a7267a,1dff8f72-e395-4872-8174-2aac1bf6117e,F2,RestartPod,RestartPod,ScaleUp,0,0
36df0b3d-ffbf-46f5-8fa4-2a7cbb5c86c4,1dff8f72-e395-4872-8174-2aac1bf6117e,F2,NoOp,NoOp,ScaleUp,0,0
c78ae516-c764-49fd-97bb-9d34b1d2e65e,1dff8f72-e395-4872-8174-2aac1bf6117e,F2,ScaleUp,ScaleUp,ScaleUp,1,1
264a3361-b080-4dc9-aadf-e40845423841,1dff8f72-e395-4872-8174-2aac1bf6117e,F2,RestartPod,RestartPod,ScaleUp,0,0
96912c5a-ca96-46e6-9b6e-e19d9584ff04,1dff8f72-e395-4872-8174-2aac1bf6117e,F2,RestartPod,RestartPod,ScaleUp,0,0
441df1ef-4e31-46bc-9cfd-7d34ffba2021,1dff8f72-e395-4872-8174-2aac1bf6117e,F2,ScaleUp,RestartPod,ScaleUp,1,0
a6f53cd2-79cd-4ba7-b57d-0f0229a33ae8,1dff8f72-e395-4872-8174-2aac1bf6117e,F2,NoOp,ToggleFeatureFlag,ScaleUp,0,0
4244dc00-e91f-4c56-889b-ece24c875538,1dff8f72-e395-4872-8174-2aac1bf6117e,F2,RestartPod,ScaleUp,ScaleUp,0,1
d0cfbac7-47d2-4aed-95e0-9a70c4dcc9d0,1dff8f72-e395-4872-8174-2aac1bf6117e,F2,NoOp,NoOp,ScaleUp,0,0
e9338579-c1a1-44e5-8e21-5d1548176322,67e4fb85-8de2-4fe5-b22c-d40d67dc3bba,F3,NoOp,ScaleUp,ToggleFeatureFlag,0,0
9e94dafe-4182-4328-8dca-2a77d4e893cf,67e4fb85-8de2-4fe5-b22c-d40d67dc3bba,F3,RestartPod,RestartPod,ToggleFeatureFlag,0,0
fccb55a0-57d9-457e-8602-814c8fe7a5b6,67e4fb85-8de2-4fe5-b22c-d40d67dc3bba,F3,NoOp,NoOp,ToggleFeatureFlag,0,0
ccbb0fa9-e838-4493-94d3-1f643006e4cb,67e4fb85-8de2-4fe5-b22c-d40d67dc3bba,F3,RestartPod,ScaleUp,ToggleFeatureFlag,0,0
08e9af07-de05-4952-8733-ec743f04d4ae,67e4fb85-8de2-4fe5-b22c-d40d67dc3bba,F3,ScaleUp,RestartPod,ToggleFeatureFlag,0,0
3285f0b0-e547-4be0-81e1-1fcbb5d3ec94,67e4fb85-8de2-4fe5-b22c-d40d67dc3bba,F3,NoOp,NoOp,ToggleFeatureFlag,0,0
a5e75a09-3b27-44dd-a75b-d27e6085cc79,67e4fb85-8de2-4fe5-b22c-d40d67dc3bba,F3,NoOp,ScaleUp,ToggleFeatureFlag,0,0
340bdecd-22ae-4dcb-90e7-4be42780b100,67e4fb85-8de2-4fe5-b22c-d40d67dc3bba,F3,NoOp,NoOp,ToggleFeatureFlag,0,0
99628d12-ba40-4fda-bfea-dfa4f3180207,67e4fb85-8de2-4fe5-b22c-d40d67dc3bba,F3,NoOp,ScaleUp,ToggleFeatureFlag,0,0
c1df54bf-5f95-4713-ac26-25218b38761c,67e4fb85-8de2-4fe5-b22c-d40d67dc3bba,F3,NoOp,RestartPod,ToggleFeatureFlag,0,0
289c0b7e-ff8c-4ac8-ac28-2e4ee349726d,67e4fb85-8de2-4fe5-b22c-d40d67dc3bba,F3,RestartPod,RestartPod,ToggleFeatureFlag,0,0
04d57bd7-dddd-4628-ab7c-c372b09e5b9e,67e4fb85-8de2-4fe5-b22c-d40d67dc3bba,F3,NoOp,ScaleUp,ToggleFeatureFlag,0,0
ef1c97b6-6107-4ba8-aba5-829914b6b792,67e4fb85-8de2-4fe5-b22c-d40d67dc3bba,F3,RestartPod,RestartPod,ToggleFeatureFlag,0,0
8a3d86e2-37e8-4d97-abf1-54d70b922723,67e4fb85-8de2-4fe5-b22c-d40d67dc3bba,F3,RestartPod,RestartPod,ToggleFeatureFlag,0,0
af47ca75-6c19-449b-a78c-d6d83637b5d7,7b7151ce-d561-4277-9adb-df3b8782fe50,F1,ScaleUp,ScaleUp,RestartPod,0,0
aba84799-8d29-4d49-b76a-be145e8bb4af,7b7151ce-d561-4277-9adb-df3b8782fe50,F1,NoOp,ToggleFeatureFlag,RestartPod,0,0
4536cf31-226b-4cf4-b276-8ad3ef6a7517,7b7151ce-d561-4277-9adb-df3b8782fe50,F1,ScaleUp,ScaleUp,RestartPod,0,0
b111a244-08ff-41a5-bb81-77830f5216b6,7b7151ce-d561-4277-9adb-df3b8782fe50,F1,ScaleUp,RestartPod,RestartPod,0,1
5e0373c3-8d8b-466c-b1c6-ddb5f2439b2b,7b7151ce-d561-4277-9adb-df3b8782fe50,F1,ScaleUp,ToggleFeatureFlag,RestartPod,0,0
826fb2af-44ca-4874-b577-3b8517f364d8,7b7151ce-d561-4277-9adb-df3b8782fe50,F1,NoOp,ScaleUp,RestartPod,0,0
42b4b009-e013-4469-84e0-7e057598ceea,7b7151ce-d561-4277-9adb-df3b8782fe50,F1,NoOp,NoOp,RestartPod,0,0
05436434-2cd3-4044-96cd-ad55ee2c47b0,7b7151ce-d561-4277-9adb-df3b8782fe50,F1,NoOp,ScaleUp,RestartPod,0,0
ae3b74e7-9b0c-4c2c-8f15-98ac155e1757,7b7151ce-d561-4277-9adb-df3b8782fe50,F1,RestartPod,ScaleUp,RestartPod,1,0
988f4d4a-8682-43ed-af87-714253eaef3d,7b7151ce-d561-4277-9adb-df3b8782fe50,F1,RestartPod,RestartPod,RestartPod,1,1
d8a53a1f-d0d8-449d-9489-072db6bf9e1d,7b7151ce-d561-4277-9adb-df3b8782fe50,F1,RestartPod,ToggleFeatureFlag,RestartPod,1,0
21b2489f-eab5-4f56-bc97-094c8c8b9d27,7b7151ce-d561-4277-9adb-df3b8782fe50,F1,NoOp,ScaleUp,RestartPod,0,0
de353b7a-dfb9-46ea-ba6e-048d99ff357e,7b7151ce-d561-4277-9adb-df3b8782fe50,F1,NoOp,ScaleUp,RestartPod,0,0
0d94ba39-03fd-4e15-9693-4fb17cd6f32a,7b7151ce-d561-4277-9adb-df3b8782fe50,F1,NoOp,ToggleFeatureFlag,RestartPod,0,0
f8a6d6cb-9473-4fad-bebe-bd228d39b9fb,7b7151ce-d561-4277-9adb-df3b8782fe50,F1,NoOp,ScaleUp,RestartPod,0,0
db95be24-d377-4a6b-8ce6-a606a20ddc43,7b7151ce-d561-4277-9adb-df3b8782fe50,F1,RestartPod,ScaleUp,RestartPod,1,0
1d108292-241d-46ea-b122-4cb9cf1692dd,7b7151ce-d561-4277-9adb-df3b8782fe50,F1,NoOp,ScaleUp,RestartPod,0,0
a0a8a730-c16e-45e8-a4bd-7ddc58cd26a3,7b7151ce-d561-4277-9adb-df3b8782fe50,F1,NoOp,NoOp,RestartPod,0,0
cc168b65-6f43-477e-8195-57e73ad12fe4,7b7151ce-d561-4277-9adb-df3b8782fe50,F1,RestartPod,ScaleUp,RestartPod,1,0
a89c4bf1-2f4f-4aad-b6a0-e74f5d868d0c,7b7151ce-d561-4277-9adb-df3b8782fe50,F1,NoOp,ToggleFeatureFlag,RestartPod,0,0
578079ce-7b92-4c65-b298-6674dd6d65e5,7b7151ce-d561-4277-9adb-df3b8782fe50,F1,RestartPod,RestartPod,RestartPod,1,1
a9b02a52-cdb4-434c-bba7-7a5e0a8bb7d4,9fa8459f-333d-4734-b871-2ce406d842b4,F5,ScaleUp,NoOp,NoOp,0,1
a7d57a01-d70a-416c-a320-7bdda2e85a38,9fa8459f-333d-4734-b871-2ce406d842b4,F5,RestartPod,RestartPod,NoOp,0,0
7e8b3960-d0a0-43df-a907-d46712abbe94,9fa8459f-333d-4734-b871-2ce406d842b4,F5,ScaleUp,NoOp,NoOp,0,1
41fe65e5-6643-44c0-9093-40438da63448,9fa8459f-333d-4734-b871-2ce406d842b4,F5,ScaleUp,ScaleUp,NoOp,0,0
1252bb0c-b996-4226-8f37-7a3095a2cd5e,9fa8459f-333d-4734-b871-2ce406d842b4,F5,NoOp,ToggleFeatureFlag,NoOp,1,0
a2a5a235-e97a-4d83-9907-367b24312e5e,9fa8459f-333d-4734-b871-2ce406d842b4,F5,RestartPod,ScaleUp,NoOp,0,0
d64ae084-03e1-4ba3-ad92-82290060e5d8,9fa8459f-333d-4734-b871-2ce406d842b4,F5,NoOp,RestartPod,NoOp,1,0
7806cfe9-c109-4854-92fb-1a9e5d6fb9d5,9fa8459f-333d-4734-b871-2ce406d842b4,F5,NoOp,NoOp,NoOp,1,1
d8429bf6-bb54-4521-aace-b330b23412f5,9fa8459f-333d-4734-b871-2ce406d842b4,F5,RestartPod,RestartPod,NoOp,0,0
1d0b8e18-b480-49cf-ac6b-93bc1c39394f,9fa8459f-333d-4734-b871-2ce406d842b4,F5,RestartPod,ScaleUp,NoOp,0,0
3b84a669-bdb7-420a-875b-94dd00c21da1,9fa8459f-333d-4734-b871-2ce406d842b4,F5,RestartPod,NoOp,NoOp,0,1
3af8f920-2b05-4cbd-a2e8-dc9f59c9c722,9fa8459f-333d-4734-b871-2ce406d842b4,F5,ScaleUp,RestartPod,NoOp,0,0
7f3a58d3-de0f-4c15-85be-5ea3d92d446a,9fa8459f-333d-4734-b871-2ce406d842b4,F5,RestartPod,ScaleUp,NoOp,0,0
c4eac92c-42d1-403e-942f-3f7982f92b2d,9fa8459f-333d-4734-b871-2ce406d842b4,F5,NoOp,RestartPod,NoOp,1,0
e599bbd1-2ed8-47fe-9875-54101b9c9734,9fa8459f-333d-4734-b871-2ce406d842b4,F5,ScaleUp,ToggleFeatureFlag,NoOp,0,0
f2555902-e2cd-4f90-8769-a7c44fc71e8d,9abc4a17-29e6-4459-866a-d83015e8c4de,F5,RestartPod,ScaleUp,NoOp,0,0
9510bc10-1abd-41a6-ae5e-2b3162b7e941,9abc4a17-29e6-4459-866a-d83015e8c4de,F5,ScaleUp,NoOp,NoOp,0,1
4ac1e1f3-da85-4d59-8438-db711f0237f8,9abc4a17-29e6-4459-866a-d83015e8c4de,F5,ScaleUp,ScaleUp,NoOp,0,0
cfdd78c1-43cc-44cb-ad44-763f5e1ee1e5,9abc4a17-29e6-4459-866a-d83015e8c4de,F5,NoOp,ToggleFeatureFlag,NoOp,1,0
ddc25e33-ac37-44dc-9f39-c66798134274,9abc4a17-29e6-4459-866a-d83015e8c4de,F5,NoOp,ScaleUp,NoOp,1,0
6c4aff7c-ee6d-4d6e-ad04-621639a390d4,9abc4a17-29e6-4459-866a-d83015e8c4de,F5,ScaleUp,NoOp,NoOp,0,1
a7d2ba4f-9192-4ac8-bc3b-2232872a9693,9abc4a17-29e6-4459-866a-d83015e8c4de,F5,NoOp,NoOp,NoOp,1,1
b26d463c-9ad7-4193-a6a5-ee704d89463e,9abc4a17-29e6-4459-866a-d83015e8c4de,F5,NoOp,NoOp,NoOp,1,1
7f343182-fb9d-4f61-9803-50e30f913e94,9abc4a17-29e6-4459-866a-d83015e8c4de,F5,NoOp,NoOp,NoOp,1,1
761ae731-5529-4ab5-a5ea-81c8af144829,9abc4a17-29e6-4459-866a-d83015e8c4de,F5,NoOp,ToggleFeatureFlag,NoOp,1,0
1d667774-7a87-47fb-b38e-d534b287b4c2,9abc4a17-29e6-4459-866a-d83015e8c4de,F5,RestartPod,ScaleUp,NoOp,0,0
576b4581-57ba-4563-9b67-4b33d2725ee8,9abc4a17-29e6-4459-866a-d83015e8c4de,F5,NoOp,NoOp,NoOp,1,1
48ea557e-23b0-4ac0-ad87-e96b59e29de0,9abc4a17-29e6-4459-866a-d83015e8c4de,F5,NoOp,NoOp,NoOp,1,1
f494b29f-18b1-4422-b3a4-f55dbdb8bc41,9abc4a17-29e6-4459-866a-d83015e8c4de,F5,NoOp,NoOp,NoOp,1,1
5e87bb4a-ed54-4b62-b1a0-4100fe7a8858,31256e94-6f00-4b0f-82a5-95c1e180dbb9,F2,ScaleUp,NoOp,ScaleUp,1,0
ad62f7dc-4149-4211-81b4-fbe8fa4cb4db,31256e94-6f00-4b0f-82a5-95c1e180dbb9,F2,NoOp,ScaleUp,ScaleUp,0,1
b4494cbb-80d7-45f2-b924-1ea5821fe9ee,31256e94-6f00-4b0f-82a5-95c1e180dbb9,F2,NoOp,NoOp,ScaleUp,0,0
10781ae2-c7d3-4395-9d80-935c6f9f4bd2,31256e94-6f00-4b0f-82a5-95c1e180dbb9,F2,NoOp,NoOp,ScaleUp,0,0
47eb6aa1-cbd6-47f9-8f4e-96b58f6395ac,31256e94-6f00-4b0f-82a5-95c1e180dbb9,F2,ScaleUp,ScaleUp,ScaleUp,1,1
947a7dd4-233a-4327-babb-07f9019ab3a5,31256e94-6f00-4b0f-82a5-95c1e180dbb9,F2,NoOp,NoOp,ScaleUp,0,0
78e299eb-3a06-4938-b14c-befdce7ade67,31256e94-6f00-4b0f-82a5-95c1e180dbb9,F2,NoOp,NoOp,ScaleUp,0,0
7740b65d-1189-4cc5-b9c9-cfaed7aa0056,31256e94-6f00-4b0f-82a5-95c1e180dbb9,F2,NoOp,NoOp,ScaleUp,0,0
f28a5a39-343b-4fdf-8424-2caa1be36eee,31256e94-6f00-4b0f-82a5-95c1e180dbb9,F2,ScaleUp,NoOp,ScaleUp,1,0
23a9ef22-d333-4ad3-899f-887ffbb48493,31256e94-6f00-4b0f-82a5-95c1e180dbb9,F2,NoOp,NoOp,ScaleUp,0,0
6112925c-11eb-401f-b663-33320af376a0,31256e94-6f00-4b0f-82a5-95c1e180dbb9,F2,NoOp,ToggleFeatureFlag,ScaleUp,0,0
46720364-d9df-4d56-bbaa-c8690c7122cf,31256e94-6f00-4b0f-82a5-95c1e180dbb9,F2,RestartPod,ScaleUp,ScaleUp,0,1
71729ba8-6b47-4248-ae40-a73620e152c4,31256e94-6f00-4b0f-82a5-95c1e180dbb9,F2,NoOp,NoOp,ScaleUp,0,0
4283b8cd-3637-41c1-b4d5-b6747b98e4cd,31256e94-6f00-4b0f-82a5-95c1e180dbb9,F2,RestartPod,NoOp,ScaleUp,0,0
175c002b-52a3-429a-a51e-c6e864392b9b,31256e94-6f00-4b0f-82a5-95c1e180dbb9,F2,NoOp,ToggleFeatureFlag,ScaleUp,0,0
dd305eca-b1a9-43db-977f-7cc90dde1511,31256e94-6f00-4b0f-82a5-95c1e180dbb9,F2,NoOp,ScaleUp,ScaleUp,0,1
6ebeb433-3f8c-425f-b3b3-b609cee10a26,323f23fb-c83a-483a-a928-3e7dc12789f1,F1,NoOp,NoOp,RestartPod,0,0
178be01d-c7bf-430a-91c4-15c3c66fa944,323f23fb-c83a-483a-a928-3e7dc12789f1,F1,ScaleUp,NoOp,RestartPod,0,0
35240c4f-c358-4544-bbdc-81a0501cb2e5,323f23fb-c83a-483a-a928-3e7dc12789f1,F1,ScaleUp,ScaleUp,RestartPod,0,0
26759a89-4092-4c9f-972f-b73b3235072b,323f23fb-c83a-483a-a928-3e7dc12789f1,F1,NoOp,NoOp,RestartPod,0,0
99ba7842-0c60-48f2-a3b4-d3d299a02621,323f23fb-c83a-483a-a928-3e7dc12789f1,F1,ScaleUp,ScaleUp,RestartPod,0,0
973ad2ae-a911-4fe6-aee0-e254e75a17c6,323f23fb-c83a-483a-a928-3e7dc12789f1,F1,ScaleUp,ToggleFeatureFlag,RestartPod,0,0
717fdd26-e908-4c49-a7f2-ca67013a94c5,323f23fb-c83a-483a-a928-3e7dc12789f1,F1,NoOp,ScaleUp,RestartPod,0,0
efd1ce92-2f00-4cbc-80b7-a66741d1c6c5,323f23fb-c83a-483a-a928-3e7dc12789f1,F1,RestartPod,RestartPod,RestartPod,1,1
e8019984-0b38-40f3-9799-5c0a4293adde,323f23fb-c83a-483a-a928-3e7dc12789f1,F1,NoOp,ScaleUp,RestartPod,0,0
d427615b-f478-48af-8d04-662b01178c12,323f23fb-c83a-483a-a928-3e7dc12789f1,F1,RestartPod,NoOp,RestartPod,1,0
f6718451-07d3-4131-b458-00b14c5f60b4,323f23fb-c83a-483a-a928-3e7dc12789f1,F1,RestartPod,ScaleUp,RestartPod,1,0
cf766232-5d9d-4c0a-8a81-ac2a66eb1265,323f23fb-c83a-483a-a928-3e7dc12789f1,F1,NoOp,NoOp,RestartPod,0,0
f020b0a5-0e99-4f06-adb5-3b3033281751,323f23fb-c83a-483a-a928-3e7dc12789f1,F1,NoOp,RestartPod,RestartPod,0,1
caf2d53a-e9f9-4168-ab05-737f09048a24,323f23fb-c83a-483a-a928-3e7dc12789f1,F1,RestartPod,RestartPod,RestartPod,1,1
ceae12a2-7a90-4945-90d8-b2feaee3d8d7,aedc62e0-337c-4479-ac80-7e990d5cf2b7,F1,ScaleUp,ScaleUp,RestartPod,0,0
4a5535f1-c8c8-4c65-a691-eda5908aee68,aedc62e0-337c-4479-ac80-7e990d5cf2b7,F1,ScaleUp,NoOp,RestartPod,0,0
cb4f27e8-4b1f-44ce-9c35-96a1376247a6,aedc62e0-337c-4479-ac80-7e990d5cf2b7,F1,NoOp,NoOp,RestartPod,0,0
e34db913-54ad-4b3a-9766-86bbd5f6528b,aedc62e0-337c-4479-ac80-7e990d5cf2b7,F1,NoOp,ScaleUp,RestartPod,0,0
f2e5098f-36e6-4070-b00c-10dbee077c3a,aedc62e0-337c-4479-ac80-7e990d5cf2b7,F1,RestartPod,ToggleFeatureFlag,RestartPod,1,0
b082f2f3-f806-4e49-b826-4b3f68f3843e,aedc62e0-337c-4479-ac80-7e990d5cf2b7,F1,NoOp,NoOp,RestartPod,0,0
b3e68aaf-1457-40e8-90e9-656a208210aa,aedc62e0-337c-4479-ac80-7e990d5cf2b7,F1,NoOp,ScaleUp,RestartPod,0,0
21c612c8-f49e-438e-be1c-267f8769ccd2,aedc62e0-337c-4479-ac80-7e990d5cf2b7,F1,NoOp,ScaleUp,RestartPod,0,0
242c4b9d-a80b-42a9-bb1d-1f1bdb7c8e96,aedc62e0-337c-4479-ac80-7e990d5cf2b7,F1,RestartPod,RestartPod,RestartPod,1,1
bcc4c1c8-e68d-45df-8a56-ce97ce2f7a59,aedc62e0-337c-4479-ac80-7e990d5cf2b7,F1,NoOp,ScaleUp,RestartPod,0,0
6836c198-6764-4009-827b-8c584f25e963,aedc62e0-337c-4479-ac80-7e990d5cf2b7,F1,NoOp,ToggleFeatureFlag,RestartPod,0,0
2c1979c0-aa64-4320-80fd-f688ecf7dfb4,aedc62e0-337c-4479-ac80-7e990d5cf2b7,F1,RestartPod,ScaleUp,RestartPod,1,0
c53e6978-7e2b-44aa-80ef-9a7e4b8c8483,aedc62e0-337c-4479-ac80-7e990d5cf2b7,F1,ScaleUp,ToggleFeatureFlag,RestartPod,0,0
e9f427dc-3b83-4e26-95bb-e75c53e4b699,aedc62e0-337c-4479-ac80-7e990d5cf2b7,F1,ScaleUp,ScaleUp,RestartPod,0,0
4e0c7d98-494e-4a60-beff-878132c22660,9225f3a3-b034-48f5-83a2-e6cce1849801,F2,NoOp,ScaleUp,ScaleUp,0,1
95c8a6d9-42da-4b26-a8a6-b1a18d05dc7c,9225f3a3-b034-48f5-83a2-e6cce1849801,F2,ScaleUp,NoOp,ScaleUp,1,0
720e5158-e44a-4fd8-9d84-164f505cdfb7,9225f3a3-b034-48f5-83a2-e6cce1849801,F2,NoOp,NoOp,ScaleUp,0,0
850e8f85-fe0d-4e99-a7ab-4b1dcce517f5,9225f3a3-b034-48f5-83a2-e6cce1849801,F2,RestartPod,NoOp,ScaleUp,0,0
f726bae9-1d48-48ed-b4da-cc1731c8fb86,9225f3a3-b034-48f5-83a2-e6cce1849801,F2,NoOp,ScaleUp,ScaleUp,0,1
a5aa649c-0313-46df-9606-82f89169fb1e,9225f3a3-b034-48f5-83a2-e6cce1849801,F2,RestartPod,ScaleUp,ScaleUp,0,1
f38832c1-66c9-4f75-9592-4b864aa0a29f,9225f3a3-b034-48f5-83a2-e6cce1849801,F2,NoOp,NoOp,ScaleUp,0,0
aa3c10c0-e313-46d8-a26d-e096256c7e22,9225f3a3-b034-48f5-83a2-e6cce1849801,F2,NoOp,NoOp,ScaleUp,0,0
f276564d-6157-4bb5-a61b-7bbea94e9889,9225f3a3-b034-48f5-83a2-e6cce1849801,F2,RestartPod,NoOp,ScaleUp,0,0
1ba0bbe3-8b7d-491c-811e-770bda7b73a7,9225f3a3-b034-48f5-83a2-e6cce1849801,F2,ScaleUp,ScaleUp,ScaleUp,1,1
4f901594-8ba1-43f9-ae79-3c0e9f15b2e2,9225f3a3-b034-48f5-83a2-e6cce1849801,F2,NoOp,NoOp,ScaleUp,0,0
0eb32155-aa74-4c59-8fc1-af2e6fbd467f,9225f3a3-b034-48f5-83a2-e6cce1849801,F2,NoOp,NoOp,ScaleUp,0,0
3b6c690b-728d-4bc9-b468-e5d83cdba381,9225f3a3-b034-48f5-83a2-e6cce1849801,F2,NoOp,ScaleUp,ScaleUp,0,1
2dcef6e9-5682-47e0-ad6f-22896e914c9b,8a467a9f-6a12-4304-93c6-f583e73defac,F3,NoOp,NoOp,ToggleFeatureFlag,0,0
810b7757-de2c-4aec-82c8-569db00070e5,8a467a9f-6a12-4304-93c6-f583e73defac,F3,ScaleUp,ScaleUp,ToggleFeatureFlag,0,0
af76e701-eb9a-4d8d-b067-ca550ee497bb,8a467a9f-6a12-4304-93c6-f583e73defac,F3,ScaleUp,NoOp,ToggleFeatureFlag,0,0
1cfd8d86-30d6-4879-b235-6d76a121325f,8a467a9f-6a12-4304-93c6-f583e73defac,F3,ScaleUp,ToggleFeatureFlag,ToggleFeatureFlag,0,1
d7d0ff8d-bb80-4213-b1e0-d9d30b64be84,8a467a9f-6a12-4304-93c6-f583e73defac,F3,NoOp,NoOp,ToggleFeatureFlag,0,0
b9936fbc-4131-4428-8fde-6bfc2e7b2354,8a467a9f-6a12-4304-93c6-f583e73defac,F3,RestartPod,ScaleUp,ToggleFeatureFlag,0,0
ed6e97ff-7188-4fbe-a319-ba1d711b55d3,8a467a9f-6a12-4304-93c6-f583e73defac,F3,NoOp,ToggleFeatureFlag,ToggleFeatureFlag,0,1
c878c6db-05b4-46cf-b09b-72cf4b4e076c,8a467a9f-6a12-4304-93c6-f583e73defac,F3,NoOp,NoOp,ToggleFeatureFlag,0,0
a26f2439-d636-4b74-9824-1bc27bd7610c,8a467a9f-6a12-4304-93c6-f583e73defac,F3,NoOp,NoOp,ToggleFeatureFlag,0,0
1e85510c-78a4-4d1d-980f-2c36a0529caa,8a467a9f-6a12-4304-93c6-f583e73defac,F3,NoOp,NoOp,ToggleFeatureFlag,0,0
053de703-2124-45e5-8f9e-ef378eff7eb4,8a467a9f-6a12-4304-93c6-f583e73defac,F3,NoOp,NoOp,ToggleFeatureFlag,0,0
64f8d406-8c71-437e-87df-e7146fb3663b,8a467a9f-6a12-4304-93c6-f583e73defac,F3,RestartPod,ScaleUp,ToggleFeatureFlag,0,0
3ef06691-1ec7-42dd-b036-b34496cdd3e9,8a467a9f-6a12-4304-93c6-f583e73defac,F3,NoOp,NoOp,ToggleFeatureFlag,0,0
ca65190b-b051-4d52-b484-7806ec2d8c50,8a467a9f-6a12-4304-93c6-f583e73defac,F3,RestartPod,NoOp,ToggleFeatureFlag,0,0
91c24127-2144-447b-8791-c6178d81e1ae,8a467a9f-6a12-4304-93c6-f583e73defac,F3,RestartPod,ScaleUp,ToggleFeatureFlag,0,0
37eee2e8-76a7-4d39-bdbb-9ee1ba31d7e5,8a467a9f-6a12-4304-93c6-f583e73defac,F3,NoOp,ScaleUp,ToggleFeatureFlag,0,0
85e42e1b-46eb-415b-9160-0926c1bcb0d8,8a467a9f-6a12-4304-93c6-f583e73defac,F3,RestartPod,RestartPod,ToggleFeatureFlag,0,0
cf1d5ee7-89b2-47f8-b769-9876fcbe7507,8a467a9f-6a12-4304-93c6-f583e73defac,F3,ToggleFeatureFlag,ToggleFeatureFlag,ToggleFeatureFlag,1,1
3980a635-2eaa-4f7b-8036-a0c1e671294f,45920615-13c8-4c7a-9b0f-933d2104770f,F5,NoOp,NoOp,NoOp,1,1
a69d6eb0-5ffc-4bc1-8d1e-d3d29f248b0e,45920615-13c8-4c7a-9b0f-933d2104770f,F5,RestartPod,ScaleUp,NoOp,0,0
eba7054f-7f79-40d8-a378-9469452e5077,45920615-13c8-4c7a-9b0f-933d2104770f,F5,ScaleUp,NoOp,NoOp,0,1
1d2208d4-8e4d-4570-99ff-46db6db34fd5,45920615-13c8-4c7a-9b0f-933d2104770f,F5,RestartPod,ScaleUp,NoOp,0,0
e74cf4ab-e153-4ff2-bddd-252f73c73ca9,45920615-13c8-4c7a-9b0f-933d2104770f,F5,RestartPod,NoOp,NoOp,0,1
99385586-9d30-4100-86a1-020825359a84,45920615-13c8-4c7a-9b0f-933d2104770f,F5,RestartPod,NoOp,NoOp,0,1
87760724-c2a1-4a94-8a4d-50ff8b9a6cd2,45920615-13c8-4c7a-9b0f-933d2104770f,F5,ScaleUp,NoOp,NoOp,0,1
a7d32031-efad-4fd9-8cf2-eadbd493f24c,45920615-13c8-4c7a-9b0f-933d2104770f,F5,NoOp,NoOp,NoOp,1,1
210ef236-c4df-4458-8ac8-9cbe9476db97,45920615-13c8-4c7a-9b0f-933d2104770f,F5,NoOp,NoOp,NoOp,1,1
0c99cceb-bfc7-4b23-bbcd-05ee4a15afb5,45920615-13c8-4c7a-9b0f-933d2104770f,F5,ScaleUp,ScaleUp,NoOp,0,0
a8a9d9d3-081f-49a6-989f-d017be5fb734,45920615-13c8-4c7a-9b0f-933d2104770f,F5,RestartPod,NoOp,NoOp,0,1
9c82f239-a155-46d6-bdac-7d3f7454ee9f,cbe8904e-03e1-4ffd-ac58-61b03efe3a08,F3,RestartPod,ScaleUp,ToggleFeatureFlag,0,0
d13955de-2b76-4005-be8c-06e8b1a13cfa,cbe8904e-03e1-4ffd-ac58-61b03efe3a08,F3,ScaleUp,NoOp,ToggleFeatureFlag,0,0
dfaf216f-2a43-4352-b88a-a4ab01d65763,cbe8904e-03e1-4ffd-ac58-61b03efe3a08,F3,ScaleUp,ToggleFeatureFlag,ToggleFeatureFlag,0,1
43d8e690-479b-4612-9abf-03e687e6954d,cbe8904e-03e1-4ffd-ac58-61b03efe3a08,F3,NoOp,NoOp,ToggleFeatureFlag,0,0
fe546a2c-4d12-4f8c-ad16-f82c14e74b9a,cbe8904e-03e1-4ffd-ac58-61b03efe3a08,F3,NoOp,ToggleFeatureFlag,ToggleFeatureFlag,0,1
34ba05c1-e951-438a-8691-d91f38c908a1,cbe8904e-03e1-4ffd-ac58-61b03efe3a08,F3,ScaleUp,ScaleUp,ToggleFeatureFlag,0,0
d3ce3e42-16eb-4e8a-9d42-f716c617b0b3,cbe8904e-03e1-4ffd-ac58-61b03efe3a08,F3,NoOp,NoOp,ToggleFeatureFlag,0,0
9583aa91-a59c-4640-8a27-c2741914b25d,cbe8904e-03e1-4ffd-ac58-61b03efe3a08,F3,RestartPod,NoOp,ToggleFeatureFlag,0,0
3a4d8b53-12b0-476c-a83d-3ddaf9face1f,cbe8904e-03e1-4ffd-ac58-61b03efe3a08,F3,NoOp,NoOp,ToggleFeatureFlag,0,0
fbe54ddf-d7d9-4d97-a9e2-fde1b5febd23,cbe8904e-03e1-4ffd-ac58-61b03efe3a08,F3,NoOp,NoOp,ToggleFeatureFlag,0,0
82e8c55c-fee6-4a99-9889-70939ba788ef,cbe8904e-03e1-4ffd-ac58-61b03efe3a08,F3,RestartPod,ScaleUp,ToggleFeatureFlag,0,0
85a38f2f-352b-4ac9-b8a8-678adb6233c6,cbe8904e-03e1-4ffd-ac58-61b03efe3a08,F3,NoOp,NoOp,ToggleFeatureFlag,0,0
5da36a22-8fa6-43ec-8e46-051bc509bbd1,cbe8904e-03e1-4ffd-ac58-61b03efe3a08,F3,RestartPod,NoOp,ToggleFeatureFlag,0,0
ba58881c-443c-419f-aa4c-e9dc7115c46d,cbe8904e-03e1-4ffd-ac58-61b03efe3a08,F3,NoOp,NoOp,ToggleFeatureFlag,0,0
01042f92-0f10-4f65-baa0-39ab63ff55e0,cbe8904e-03e1-4ffd-ac58-61b03efe3a08,F3,ScaleUp,ScaleUp,ToggleFeatureFlag,0,0
792de37b-3d01-4fd5-895d-22027eb49719,cbe8904e-03e1-4ffd-ac58-61b03efe3a08,F3,ToggleFeatureFlag,ToggleFeatureFlag,ToggleFeatureFlag,1,1
1f44ca34-8317-4527-929d-f9c7381b4363,7f30c02b-8d9b-475f-bcdb-2f6d83222376,F2,RestartPod,ScaleUp,ScaleUp,0,1
c0a987fb-f371-4ccc-acb8-1e38f86b3cd7,7f30c02b-8d9b-475f-bcdb-2f6d83222376,F2,ScaleUp,NoOp,ScaleUp,1,0
2ddce961-17e5-41c8-b0cb-e35c79a9b0e4,7f30c02b-8d9b-475f-bcdb-2f6d83222376,F2,NoOp,NoOp,ScaleUp,0,0
b8e172d4-ab1b-458c-959a-72dcda73dfb6,7f30c02b-8d9b-475f-bcdb-2f6d83222376,F2,ScaleUp,ScaleUp,ScaleUp,1,1
3df4a078-7614-4f00-9882-f8384762dbc4,7f30c02b-8d9b-475f-bcdb-2f6d83222376,F2,RestartPod,NoOp,ScaleUp,0,0
b48d036e-07df-4d6d-8204-8dae2a6ec4bc,7f30c02b-8d9b-475f-bcdb-2f6d83222376,F2,RestartPod,ScaleUp,ScaleUp,0,1
b6b4c8da-889a-4bbc-a3f0-ec64f08d9c1b,7f30c02b-8d9b-475f-bcdb-2f6d83222376,F2,NoOp,NoOp,ScaleUp,0,0
b164be54-aa5e-42d8-b0d9-45af9f4066d5,7f30c02b-8d9b-475f-bcdb-2f6d83222376,F2,RestartPod,ScaleUp,ScaleUp,0,1
8c4ced17-95eb-44df-81ef-5c20ec0b4717,7f30c02b-8d9b-475f-bcdb-2f6d83222376,F2,ScaleUp,NoOp,ScaleUp,1,0
10e5faa5-b6f0-46f6-acca-5c12a021242f,7f30c02b-8d9b-475f-bcdb-2f6d83222376,F2,RestartPod,NoOp,ScaleUp,0,0
8d52828a-825f-42a8-bc06-87b66257d5ae,7f30c02b-8d9b-475f-bcdb-2f6d83222376,F2,RestartPod,ScaleUp,ScaleUp,0,1
dd4e708a-89a9-40d3-ba4d-13ae19f0404c,7f30c02b-8d9b-475f-bcdb-2f6d83222376,F2,NoOp,NoOp,ScaleUp,0,0
1d8ffd8f-8dc5-47f2-957c-76fe958db4fd,e8c0c841-537f-4293-b7f5-e62ce6e0d15d,F1,NoOp,NoOp,RestartPod,0,0
74534ef2-8b65-4a3d-b2cf-72780cde894c,e8c0c841-537f-4293-b7f5-e62ce6e0d15d,F1,RestartPod,NoOp,RestartPod,1,0
ec501b41-76bf-4f53-b18d-297846ca83db,e8c0c841-537f-4293-b7f5-e62ce6e0d15d,F1,ScaleUp,ScaleUp,RestartPod,0,0
15344588-06c8-4ead-8b34-99c3ab4689cd,e8c0c841-537f-4293-b7f5-e62ce6e0d15d,F1,NoOp,NoOp,RestartPod,0,0
86f6c043-2ab7-4779-b4f3-26cca6d99d31,e8c0c841-537f-4293-b7f5-e62ce6e0d15d,F1,RestartPod,RestartPod,RestartPod,1,1
22badd58-b7e7-42c7-b282-840ff6245fce,e8c0c841-537f-4293-b7f5-e62ce6e0d15d,F1,RestartPod,NoOp,RestartPod,1,0
6dc7b5de-1cf6-4c1b-a146-9422f770670c,e8c0c841-537f-4293-b7f5-e62ce6e0d15d,F1,RestartPod,ScaleUp,RestartPod,1,0
eed6285a-4783-430b-bbdd-b67c2fa3a3e2,e8c0c841-537f-4293-b7f5-e62ce6e0d15d,F1,NoOp,ToggleFeatureFlag,RestartPod,0,0
a455627b-368e-4191-99fd-3b1537b927c2,e8c0c841-537f-4293-b7f5-e62ce6e0d15d,F1,NoOp,ScaleUp,RestartPod,0,0
e3ee5252-7ae9-4fe5-9a40-90621b033232,e8c0c841-537f-4293-b7f5-e62ce6e0d15d,F1,RestartPod,ScaleUp,RestartPod,1,0
75adf873-7264-4545-9870-e36e7e49b9d6,c7776b18-71ec-46a3-9505-4d943ac679f4,F2,NoOp,ScaleUp,ScaleUp,0,1
6556c112-b64b-4f03-a596-e47f2f513ee2,c7776b18-71ec-46a3-9505-4d943ac679f4,F2,NoOp,NoOp,ScaleUp,0,0
e7fca316-4d60-43a2-975e-65f671e7552b,c7776b18-71ec-46a3-9505-4d943ac679f4,F2,NoOp,NoOp,ScaleUp,0,0
20b579a5-2e0d-47df-beb0-ec6f748c0a12,c7776b18-71ec-46a3-9505-4d943ac679f4,F2,NoOp,ScaleUp,ScaleUp,0,1
0ea037c1-2e27-4830-bc85-d1472f7f9091,c7776b18-71ec-46a3-9505-4d943ac679f4,F2,NoOp,NoOp,ScaleUp,0,0
831bf0c2-98a2-4714-be52-e462aedc6dd4,c7776b18-71ec-46a3-9505-4d943ac679f4,F2,RestartPod,NoOp,ScaleUp,0,0
65c21e21-4910-4e4c-986f-65678ec47659,c7776b18-71ec-46a3-9505-4d943ac679f4,F2,NoOp,ScaleUp,ScaleUp,0,1
c64da04d-c63d-44a4-a92f-e444ee8eadca,c7776b18-71ec-46a3-9505-4d943ac679f4,F2,NoOp,NoOp,ScaleUp,0,0
f7175b22-a9fc-4eb2-aa38-f677fba7c51e,c7776b18-71ec-46a3-9505-4d943ac679f4,F2,RestartPod,NoOp,ScaleUp,0,0
5b08ab50-abf7-4a08-abd0-2b154f603515,c7776b18-71ec-46a3-9505-4d943ac679f4,F2,ScaleUp,NoOp,ScaleUp,1,0
39493feb-ee5f-4a62-bea1-5d9825c6d457,c7776b18-71ec-46a3-9505-4d943ac679f4,F2,NoOp,NoOp,ScaleUp,0,0
02dea5e7-3e16-43ef-befb-99e00edcc41c,c7776b18-71ec-46a3-9505-4d943ac679f4,F2,NoOp,NoOp,ScaleUp,0,0
8a174947-5ea0-441d-b950-e7412fb0573e,c7776b18-71ec-46a3-9505-4d943ac679f4,F2,ScaleUp,ToggleFeatureFlag,ScaleUp,1,0
d52af11c-6806-40ab-a74f-5db63b6a4895,c7776b18-71ec-46a3-9505-4d943ac679f4,F2,NoOp,NoOp,ScaleUp,0,0
43156c12-a8ed-4633-8cd5-2c78eff25f8b,c7776b18-71ec-46a3-9505-4d943ac679f4,F2,RestartPod,NoOp,ScaleUp,0,0
83aca5f9-c8e0-4c99-a728-fcd81560c895,c7776b18-71ec-46a3-9505-4d943ac679f4,F2,RestartPod,ScaleUp,ScaleUp,0,1
e216df39-d35f-42fd-b69f-3b63d390c5be,d721caf5-b407-443e-8755-0c9230d113ee,F5,ScaleUp,NoOp,NoOp,0,1
7283a5c2-1221-417d-a102-86a7f2b2915c,d721caf5-b407-443e-8755-0c9230d113ee,F5,ScaleUp,ScaleUp,NoOp,0,0
7ea2a66f-c26d-4720-9fa1-b0a7775329f1,d721caf5-b407-443e-8755-0c9230d113ee,F5,NoOp,ToggleFeatureFlag,NoOp,1,0
f409066d-344d-42e0-8c56-5533fc2315a3,d721caf5-b407-443e-8755-0c9230d113ee,F5,NoOp,NoOp,NoOp,1,1
0555168c-6618-45ac-939f-bef9073011d7,d721caf5-b407-443e-8755-0c9230d113ee,F5,NoOp,NoOp,NoOp,1,1
117a8d0f-3ae0-4d3a-9ccb-224cea61fbb5,d721caf5-b407-443e-8755-0c9230d113ee,F5,NoOp,ScaleUp,NoOp,1,0
d285794f-a51a-419a-8e8e-9cb50403090e,d721caf5-b407-443e-8755-0c9230d113ee,F5,NoOp,NoOp,NoOp,1,1
07de3f24-1fa5-4d9b-995d-b4822e393f25,d721caf5-b407-443e-8755-0c9230d113ee,F5,NoOp,NoOp,NoOp,1,1
e07f6f04-f546-4491-a261-a5782d0ab4ef,d721caf5-b407-443e-8755-0c9230d113ee,F5,RestartPod,NoOp,NoOp,0,1
7ed90e66-67ae-48d9-b142-ca1088eaed49,d721caf5-b407-443e-8755-0c9230d113ee,F5,NoOp,ScaleUp,NoOp,1,0
ddcdffc0-62da-4ba1-b6f9-ad8f94664065,d721caf5-b407-443e-8755-0c9230d113ee,F5,RestartPod,NoOp,NoOp,0,1
840d2f06-b191-4b96-b028-e71f183cad06,d721caf5-b407-443e-8755-0c9230d113ee,F5,NoOp,NoOp,NoOp,1,1
bf62fef0-a2be-4c7b-9114-5c00f1ad81da,d721caf5-b407-443e-8755-0c9230d113ee,F5,NoOp,RestartPod,NoOp,1,0
288a5dca-003e-47ef-8654-d3212f09fd0b,d721caf5-b407-443e-8755-0c9230d113ee,F5,RestartPod,ScaleUp,NoOp,0,0
567d1aeb-0021-4bff-b208-d5eb5676735d,d721caf5-b407-443e-8755-0c9230d113ee,F5,NoOp,RestartPod,NoOp,1,0
c0ad1294-c950-45e6-b424-c8bd52318a71,d722bc46-aa19-4058-bbf9-e740e06ec69f,F1,NoOp,ScaleUp,RestartPod,0,0
23cab3cd-5e3b-4783-95e9-c0aa29d2a605,d722bc46-aa19-4058-bbf9-e740e06ec69f,F1,ScaleUp,NoOp,RestartPod,0,0
55a24456-1115-4dc6-93c0-47f968546497,d722bc46-aa19-4058-bbf9-e740e06ec69f,F1,NoOp,RestartPod,RestartPod,0,1
e5d3a338-f216-4608-850d-095188b16032,d722bc46-aa19-4058-bbf9-e740e06ec69f,F1,ScaleUp,ScaleUp,RestartPod,0,0
2036f302-d008-47e7-a179-a85595a10f13,d722bc46-aa19-4058-bbf9-e740e06ec69f,F1,RestartPod,RestartPod,RestartPod,1,1
3f97e03d-9c05-4136-9753-618056ccd8df,d722bc46-aa19-4058-bbf9-e740e06ec69f,F1,RestartPod,ToggleFeatureFlag,RestartPod,1,0
4a7c381c-825d-4958-ac92-d1adce133fb7,d722bc46-aa19-4058-bbf9-e740e06ec69f,F1,NoOp,ScaleUp,RestartPod,0,0
25ca52f0-ad5d-4f49-a617-198676f6b7ef,d722bc46-aa19-4058-bbf9-e740e06ec69f,F1,ScaleUp,ScaleUp,RestartPod,0,0
98da101d-a17a-4122-b306-f95d0817b76f,d722bc46-aa19-4058-bbf9-e740e06ec69f,F1,NoOp,NoOp,RestartPod,0,0
b1320f42-bc4b-4504-8220-a43aac53b32f,d722bc46-aa19-4058-bbf9-e740e06ec69f,F1,RestartPod,RestartPod,RestartPod,1,1
b55bb668-e09b-45b8-88b2-8b06547a7d5e,d722bc46-aa19-4058-bbf9-e740e06ec69f,F1,NoOp,RestartPod,RestartPod,0,1
4c3266c5-ff9f-4023-b884-a90a70d74b0a,d722bc46-aa19-4058-bbf9-e740e06ec69f,F1,NoOp,RestartPod,RestartPod,0,1
600adba1-45ce-4fd6-a66a-b17841d1f217,d722bc46-aa19-4058-bbf9-e740e06ec69f,F1,NoOp,ScaleUp,RestartPod,0,0
d5addf89-1a29-4d00-ac0e-c270efdf9630,d722bc46-aa19-4058-bbf9-e740e06ec69f,F1,RestartPod,ScaleUp,RestartPod,1,0
5c6cd066-7e89-481a-991d-54f9d823133f,d722bc46-aa19-4058-bbf9-e740e06ec69f,F1,NoOp,ToggleFeatureFlag,RestartPod,0,0
153be1e4-37aa-450c-9424-03af27b5b52b,d722bc46-aa19-4058-bbf9-e740e06ec69f,F1,ScaleUp,RestartPod,RestartPod,0,1
bb84d38d-4676-4164-9721-e9a748a193ef,d722bc46-aa19-4058-bbf9-e740e06ec69f,F1,NoOp,RestartPod,RestartPod,0,1
5eeab72c-9bd3-46b4-9ebb-ffe4750d68cf,d722bc46-aa19-4058-bbf9-e740e06ec69f,F1,RestartPod,ToggleFeatureFlag,RestartPod,1,0
c4672935-6a24-473d-a940-35d059da1aa9,d722bc46-aa19-4058-bbf9-e740e06ec69f,F1,NoOp,ScaleUp,RestartPod,0,0
647001dc-bff2-4210-a178-7be212c4e3bc,1b40209c-e976-4619-b8aa-5bb36c37e4c0,F3,NoOp,NoOp,ToggleFeatureFlag,0,0
cfacf16e-024d-46bd-a0a3-fc434a536993,1b40209c-e976-4619-b8aa-5bb36c37e4c0,F3,RestartPod,NoOp,ToggleFeatureFlag,0,0
2cb06a27-6577-4d62-be13-5300800f6627,1b40209c-e976-4619-b8aa-5bb36c37e4c0,F3,ScaleUp,ScaleUp,ToggleFeatureFlag,0,0
ce8ced3a-ba85-42cf-8c92-d3ff22237a6e,1b40209c-e976-4619-b8aa-5bb36c37e4c0,F3,ToggleFeatureFlag,ToggleFeatureFlag,ToggleFeatureFlag,1,1
e5e3590c-df89-4088-a6c2-f55cdb8d41f3,1b40209c-e976-4619-b8aa-5bb36c37e4c0,F3,ScaleUp,NoOp,ToggleFeatureFlag,0,0
4c243c3d-4ce0-48fe-bd5c-b829605e36c6,1b40209c-e976-4619-b8aa-5bb36c37e4c0,F3,RestartPod,NoOp,ToggleFeatureFlag,0,0
b02c5445-16e9-466f-80b4-34c6bff89544,1b40209c-e976-4619-b8aa-5bb36c37e4c0,F3,RestartPod,ScaleUp,ToggleFeatureFlag,0,0
7fe842a5-072f-475f-9c27-0bcf342fb669,1b40209c-e976-4619-b8aa-5bb36c37e4c0,F3,RestartPod,NoOp,ToggleFeatureFlag,0,0
bdc1108c-e4f9-4991-ab14-c759ad2b8d92,1b40209c-e976-4619-b8aa-5bb36c37e4c0,F3,NoOp,NoOp,ToggleFeatureFlag,0,0
1a4a9a11-28c7-4e30-b89e-ba4d189452e9,1b40209c-e976-4619-b8aa-5bb36c37e4c0,F3,RestartPod,NoOp,ToggleFeatureFlag,0,0
b24efb08-f0e0-46d7-a528-6499f51ff7c1,9c67965f-2c6b-4aae-8451-73ca5d9cfaed,F5,ScaleUp,ScaleUp,NoOp,0,0
01e0a308-5595-41ce-8f77-2d7a2a30ec88,9c67965f-2c6b-4aae-8451-73ca5d9cfaed,F5,ToggleFeatureFlag,NoOp,NoOp,0,1
08cff477-dc32-42c5-a258-2e476001aa4b,9c67965f-2c6b-4aae-8451-73ca5d9cfaed,F5,NoOp,ScaleUp,NoOp,1,0
318d64a4-e689-4cba-9458-2f443e48183d,9c67965f-2c6b-4aae-8451-73ca5d9cfaed,F5,ScaleUp,NoOp,NoOp,0,1
8b7a4638-d73f-4579-8dff-5d0fd8e7eed9,9c67965f-2c6b-4aae-8451-73ca5d9cfaed,F5,NoOp,ScaleUp,NoOp,1,0
0d85347d-8257-41a0-abfc-bf403e24c177,9c67965f-2c6b-4aae-8451-73ca5d9cfaed,F5,RestartPod,ScaleUp,NoOp,0,0
2022a982-7489-4a3f-a307-86e7c312bf7a,9c67965f-2c6b-4aae-8451-73ca5d9cfaed,F5,ScaleUp,NoOp,NoOp,0,1
0ec90224-b6cf-4fa8-8bfa-0530a81b014e,9c67965f-2c6b-4aae-8451-73ca5d9cfaed,F5,NoOp,RestartPod,NoOp,1,0
72d40e48-7bd6-47e7-b921-21878b1a6ae9,9c67965f-2c6b-4aae-8451-73ca5d9cfaed,F5,RestartPod,RestartPod,NoOp,0,0
cbaba363-e4fc-42ba-9727-2ed9ae514676,9c67965f-2c6b-4aae-8451-73ca5d9cfaed,F5,NoOp,NoOp,NoOp,1,1
e736c7a3-b853-4dd9-b485-0605c8b3f9bc,9c67965f-2c6b-4aae-8451-73ca5d9cfaed,F5,NoOp,ScaleUp,NoOp,1,0
46c3301f-22f4-4119-8b14-e8d93ad58272,9c67965f-2c6b-4aae-8451-73ca5d9cfaed,F5,NoOp,NoOp,NoOp,1,1
9362b0b3-8c60-4b87-89ec-28d03f51b71c,9c67965f-2c6b-4aae-8451-73ca5d9cfaed,F5,NoOp,NoOp,NoOp,1,1
f4865e12-8518-451e-9cc1-453b2290b5e7,9c67965f-2c6b-4aae-8451-73ca5d9cfaed,F5,NoOp,RestartPod,NoOp,1,0
3403b1de-ce05-4082-a52d-dd6f3d206dee,9c67965f-2c6b-4aae-8451-73ca5d9cfaed,F5,NoOp,ScaleUp,NoOp,1,0
