"RunOrder","Scenario","Arm","Repetition","RandomizationSeed"
"1","F3","A","5","20260919"
"2","F3","C","5","20260919"
"3","F3","B","5","20260919"
"4","F2","C","1","20260919"
"5","F2","A","1","20260919"
"6","F2","B","1","20260919"
"7","F3","C","4","20260919"
"8","F3","A","4","20260919"
"9","F3","B","4","20260919"
"10","F1","A","3","20260919"
"11","F1","B","3","20260919"
"12","F1","C","3","20260919"
"13","F5","C","5","20260919"
"14","F5","A","5","20260919"
"15","F5","B","5","20260919"
"16","F5","B","1","20260919"
"17","F5","A","1","20260919"
"18","F5","C","1","20260919"
"19","F2","C","3","20260919"
"20","F2","B","3","20260919"
"21","F2","A","3","20260919"
"22","F1","A","5","20260919"
"23","F1","C","5","20260919"
"24","F1","B","5","20260919"
"25","F1","C","4","20260919"
"26","F1","B","4","20260919"
"27","F1","A","4","20260919"
"28","F2","C","2","20260919"
"29","F2","A","2","20260919"
"30","F2","B","2","20260919"
"31","F3","A","3","20260919"
"32","F3","B","3","20260919"
"33","F3","C","3","20260919"
"34","F5","A","2","20260919"
"35","F5","B","2","20260919"
"36","F5","C","2","20260919"
"37","F3","C","2","20260919"
"38","F3","B","2","20260919"
"39","F3","A","2","20260919"
"40","F2","B","5","20260919"
"41","F2","A","5","20260919"
"42","F2","C","5","20260919"
"43","F1","C","1","20260919"
"44","F1","B","1","20260919"
"45","F1","A","1","20260919"
"46","F2","B","4","20260919"
"47","F2","A","4","20260919"
"48","F2","C","4","20260919"
"49","F5","A","3","20260919"
"50","F5","B","3","20260919"
"51","F5","C","3","20260919"
"52","F1","C","2","20260919"
"53","F1","B","2","20260919"
"54","F1","A","2","20260919"
"55","F3","B","1","20260919"
"56","F3","C","1","20260919"
"57","F3","A","1","20260919"
"58","F5","B","4","20260919"
"59","F5","A","4","20260919"
"60","F5","C","4","20260919"
